CHROM	POS	ALT	TYPE	p_value	-log(p)	beta	odds_ratio
chr18	3336078	A	INDEL	2.7745271056879233e-10	22.00537060962861	0.621531282384749	1.8617767661553672
chr18	10647112	C	SNP	3.0572395104087937e-09	19.6057534489194	0.41789344039437426	1.5187588274375263
chr18	14263536	A	SNP	1.601894412682707e-08	17.949493807164536	0.4095471532201655	1.5061355820094655
chr18	8589680	C	SNP	2.560598907529042e-08	17.480439564568986	-0.46811885674690423	0.6261790936243401
chr18	15126055	C	SNP	8.461093931030824e-08	16.28520227242515	-0.39383744770361384	0.6744636829506587
chr18	15090746	T	SNP	1.352402032242485e-07	15.816213356414506	-0.3822701302126762	0.6823107155702205
chr18	13929779	A	SNP	3.249101738892814e-07	14.939717080851866	0.8551480113324613	2.3517224363875533
chr18	3117480	C	INDEL	3.3468251689750076e-07	14.910083465236843	-0.479936543970473	0.6188226585891661
chr18	9042236	A	SNP	3.4643494439027853e-07	14.875570786621225	-0.44833541925582243	0.6386904190345686
chr18	4304931	CA	INDEL	4.2885283566067415e-07	14.662152017288227	-0.3605776706173	0.6972734153431228
chr18	8674716	G	SNP	7.921263840431608e-07	14.048544882050779	0.7784892535100403	2.1781791021240067
chr18	8128699	A	SNP	8.023126519242998e-07	14.035767464743271	-0.3825297761751452	0.6821335793451213
chr18	3062919	T	SNP	8.517794053590961e-07	13.97593825753886	0.3583617914375567	1.4309832443233979
chr18	6830931	G	SNP	1.6027811742861248e-06	13.34377020376992	-0.3727096608335597	0.688865208362574
chr18	15044679	A	SNP	2.8280720992916866e-06	12.775915315455894	-0.34087836489412343	0.7111454031923007
chr18	9112017	GT	INDEL	3.956132724410507e-06	12.440243594612278	-0.35257379139072387	0.7028767016477078
chr18	6253133	C	SNP	4.1493022392288645e-06	12.392570372983537	0.5524058354581239	1.7374279595333
chr18	14558406	*	OVERLAP	4.494421972096151e-06	12.312673491836543	-0.3858515757621832	0.6798714275904448
chr18	3186680	C	SNP	6.564787263936532e-06	11.93379045531391	0.6329895940812461	1.883232271841354
chr18	7594767	CT	INDEL	7.443814797202267e-06	11.808127098966866	0.4534320201933624	1.5737039115442941
chr18	11937713	G	SNP	1.3372874033355631e-05	11.222282228593366	0.3512613897666359	1.4208586752941745
chr18	6330903	T	SNP	1.5062873120214157e-05	11.103277575553708	0.651255312449497	1.917946941159378
chr18	4728195	G	SNP	1.8104680969634293e-05	10.919340036021266	0.5065189992457836	1.6595043928149797
chr18	10053584	TAC	INDEL	2.3241962568496288e-05	10.669551181676193	0.4186911771626221	1.5199708805816758
chr18	10217803	C	SNP	2.7447895920634935e-05	10.503221044289589	0.8901277651923093	2.4354407959743765
chr18	11321283	T	SNP	3.296781990946851e-05	10.319978626528563	-0.357828071906	0.6991932756405151
chr18	12867844	G	INDEL	3.728394508329138e-05	10.196947750696086	0.3993480485203328	1.4908524172964819
chr18	662370	C	SNP	5.5571693350347595e-05	9.79783659875328	0.32374119124163253	1.3822895121888918
chr18	8037290	C	SNP	5.692681219952385e-05	9.773744111659111	-0.5617425496093008	0.5702145704464674
chr18	11921418	G	SNP	6.0090851979233374e-05	9.71965294133264	0.30253875797843954	1.3532901261942756
chr18	1780529	G	SNP	8.59119530220603e-05	9.362187588223152	0.6911857287653883	1.9960809411898346
chr18	11397106	C	SNP	9.682805943371815e-05	9.24257373550295	0.47041446985489926	1.600657480025161
chr18	890193	CT	INDEL	0.00010082686016006007	9.202105767981923	0.4851461215500354	1.6244123531541874
chr18	10119239	CAA	INDEL	0.00010366115515109832	9.17438310161153	0.5427259246761993	1.7206909489684001
chr18	12995546	A	SNP	0.00011048022834194642	9.110673982048334	0.37958704735479043	1.4616808598094206
chr18	11854713	A	SNP	0.00011881387614596507	9.037952355281156	0.6621078283756667	1.938874845690546
chr18	14882796	T	SNP	0.00012903132607525	8.955455345290291	-0.2910904705720166	0.7474480529061968
chr18	11854154	C	SNP	0.00017248081263156575	8.665224558800858	0.8963966402481844	2.450756225129763
chr18	13616837	G	SNP	0.0001731682235930655	8.661247045220726	0.40272436043275794	1.495894507116863
chr18	14231782	G	SNP	0.0001817422207112322	8.612921244605708	0.27730618667653556	1.319570344044324
chr18	2423033	A	SNP	0.00018634954979883806	8.58788634793225	0.5134604933604738	1.6710639065236046
chr18	15311399	T	SNP	0.00019494581779834998	8.542788895454418	1.2430228791307876	3.4660751708594795
chr18	8602841	C	SNP	0.00019806638165334125	8.526908322581647	0.6371905667883584	1.8911603203145144
chr18	12425615	C	SNP	0.0002197025887745131	8.42323579541822	-0.29266823885971716	0.7462696829134688
chr18	11080053	G	SNP	0.00022839171697921747	8.38444834625501	0.6427733546666496	1.9017477935364946
chr18	4516413	T	SNP	0.00024511730054554764	8.31377368426011	-0.34862794426596044	0.7056556246570664
chr18	5974951	G	SNP	0.0002491493088717098	8.297458207185281	0.3299495226444414	1.3908979178430272
chr18	14747734	G	SNP	0.00025706530169323334	8.266180413153439	-0.288052266498026	0.7497224058503371
chr18	14609374	G	SNP	0.00026840256641241285	8.223022591018227	0.9589200382703756	2.60887746366774
chr18	3551158	*	OVERLAP	0.00033740808250669167	7.994217432873497	-0.32414395201962704	0.7231461365400588
chr18	15293240	G	SNP	0.00034462345966349125	7.973058158232068	1.2011162658824306	3.323825125268014
chr18	2147073	C	SNP	0.00036571243808279543	7.913663221676098	0.2643749508350811	1.3026165218988042
chr18	6164647	C	SNP	0.0003770169825672222	7.883220324933425	0.4483215342316105	1.565682035098856
chr18	5016629	A	SNP	0.00038963291166580925	7.850305514235493	0.6321349469029052	1.8816234602751232
chr18	14745254	G	SNP	0.00039647360472513346	7.83290108978592	1.673632765377987	5.331500751218479
chr18	13688383	C	SNP	0.0004872914161692718	7.626648223354566	-0.34797409247310046	0.7061171697269825
chr18	11006436	G	SNP	0.0004912306257836579	7.618596834166856	1.3128649303523932	3.716806866119317
chr18	1274075	C	SNP	0.0006058730004310977	7.4088401641035855	0.6312310016860027	1.8799233442698275
chr18	7363467	A	SNP	0.0006492832403654742	7.3396415106334585	0.25963902915252113	1.2964620171980659
chr18	6339700	G	SNP	0.000877676105367367	7.038232932882432	0.2963589580469652	1.3449528518421983
chr18	7485005	C	SNP	0.0008838619025130274	7.031209726406736	0.25773910577006237	1.2940011771411468
chr18	3991385	G	SNP	0.0008923318960408141	7.021672413825901	-0.3010744004225755	0.7400227126959474
chr18	11486339	*	OVERLAP	0.0009266487530008322	6.983935971428619	0.299496845099512	1.3491797903417542
chr18	13161474	T	SNP	0.0010534794834580633	6.855656799557919	-0.3444278977970849	0.708625643814864
chr18	8138656	A	SNP	0.0011282706821702702	6.7870691882306105	-0.2848000075344628	0.7521646665443776
chr18	14699001	A	SNP	0.0011380314931793132	6.778455269513896	1.4864512872696012	4.421377447604693
chr18	4473061	C	SNP	0.001182267804327789	6.740320816855831	0.8284742794762788	2.289822444657939
chr18	12481471	C	SNP	0.0012045639735415246	6.721637625205571	0.9063163956064777	2.475188106122818
chr18	8360782	T	SNP	0.0012340425540687922	6.697459869434859	0.33726240454094114	1.401106672258497
chr18	1814145	T	SNP	0.0012471077969562197	6.686928170987339	0.24215253200534742	1.2739885020176343
chr18	4079789	T	SNP	0.0012724414672900092	6.666817808797932	-0.3617154177785555	0.6964805456223631
chr18	15338182	CAAAA	INDEL	0.0013484844274129228	6.608773963532057	0.6543307891029995	1.9238546220103265
chr18	1249663	G	SNP	0.0016042254914707208	6.43511419870095	0.3999677219341469	1.4917765452025766
chr18	945886	AT	INDEL	0.0016508397537814043	6.406471178850842	-0.6252291098920003	0.535138808878133
chr18	11250545	AAC	INDEL	0.0017251597318752488	6.362435634597212	-0.2551442093030855	0.7748047558502801
chr18	4234452	C	SNP	0.0017258107118475938	6.362058361021165	-0.22741340285411285	0.7965914010525019
chr18	2176753	A	SNP	0.0018532953681627753	6.29078994440183	1.2956877462746832	3.6535077966706577
chr18	7022246	A	SNP	0.0019246824684534547	6.252994276301127	0.25246401551355374	1.2871931763359952
chr18	12319388	A	SNP	0.002119756400023233	6.1564541025497945	-0.2674844277282776	0.7653022480245909
chr18	7413445	G	SNP	0.0022292458315547404	6.1060919428378835	0.23950008516573126	1.270613792838655
chr18	10664253	A	SNP	0.002239077841151787	6.101691175935102	-0.23168058720324863	0.7931994408998889
chr18	6280522	G	SNP	0.002239667030266389	6.101428071366784	0.5884407917081634	1.801177813428551
chr18	6478300	A	SNP	0.0024975691059254566	5.992437377784151	0.6929076438457994	1.9995209839449646
chr18	8790588	G	SNP	0.002549100721793642	5.972014640130441	0.23587289329186048	1.2660133811461793
chr18	7003553	T	SNP	0.002803929953874137	5.876733290908503	0.21997958009399254	1.2460512860774522
chr18	13981513	T	SNP	0.003085458016570218	5.7810551669817665	-0.6308473171296687	0.5321407179829573
chr18	13107181	G	SNP	0.0031764166474335677	5.75200155798177	1.017036949704441	2.764989810247621
chr18	4367190	ATAGT	INDEL	0.003191370140032936	5.747304943416711	0.32246976469571154	1.3805331493886914
chr18	3599426	T	SNP	0.003612094216404813	5.623467559491615	0.998155403850349	2.713272317946924
chr18	4420927	T	SNP	0.003902727796492686	5.546079535339073	-0.391768294823948	0.6758606962410723
chr18	8307532	A	SNP	0.003950579244057997	5.533893066754981	0.6186704889794664	1.8564582187206655
chr18	6559612	C	SNP	0.00403295932298586	5.513254849185445	0.524138230282565	1.689002689661849
chr18	8830082	T	SNP	0.004093315050958196	5.498400111319516	-0.23688062387507616	0.7890854803622186
chr18	7644070	G	SNP	0.004295374698156134	5.450216486802578	0.4452919815430662	1.5609458966928682
chr18	12263068	G	SNP	0.004318706996714991	5.444799227843167	0.21921077923218943	1.24509368892279
chr18	13127824	C	SNP	0.004441803531845529	5.416694784149131	0.6995442237896725	2.012835096021548
chr18	5432979	C	SNP	0.004618972781191826	5.377582940343448	-0.36149646167969085	0.6966330609820424
chr18	9873754	A	SNP	0.0047802867211862695	5.343254750765939	-0.32018644719277506	0.726013661244806
chr18	3685704	T	SNP	0.0048819059845679235	5.322219564761746	-0.41480712982853185	0.6604676529309065
chr18	8465817	A	SNP	0.005029497904236975	5.292435120084078	-0.2778189077760231	0.7574339744982489
