ID	CHROM	POS	ALT	TYPE	p_allele_count	-log(p_allele_count)	beta_allele_count	odds_ratio_allele_count
chr18_26157915_C_T	chr18	26157915	T	SNP	5.949263327703686e-10	21.242583528518036	0.8476229094685382	2.334091904469527
chr18_3336078_AT_A	chr18	3336078	A	INDEL	1.5606631556911323e-06	13.370399727230144	0.5224287265654826	1.686117799853203
chr18_45877886_C_T	chr18	45877886	T	SNP	3.2838723264216744e-06	12.626487244589745	0.4348909461605489	1.5447945839845376
chr18_13929779_G_A	chr18	13929779	A	SNP	1.2611431658889343e-05	11.280906880816566	0.8275753448067871	2.287764968782205
chr18_69861194_C_T	chr18	69861194	T	SNP	2.8505952467024558e-05	10.465397634005479	-0.3823275530474639	0.6822715364796244
chr18_61538964_C_CT	chr18	61538964	CT	INDEL	9.604401697236559e-05	9.25070396145128	-0.44489235216833833	0.6408932630891967
chr18_52072437_T_TA	chr18	52072437	TA	INDEL	0.0003551576981837828	7.94294864688945	0.48660475057438185	1.6267834970492545
chr18_49668692_C_T	chr18	49668692	T	SNP	0.00043683954543457566	7.735944603211756	3.6008364512582576	36.628859889489156
chr18_52656890_G_A	chr18	52656890	A	SNP	0.0004683354172970819	7.666325815129779	1.4138557010767425	4.1117786690198415
chr18_8674716_A_G	chr18	8674716	G	SNP	0.00047694918493856897	7.648100603277822	0.6490941700697275	1.9138064604383906
chr18_26154555_C_T	chr18	26154555	T	SNP	0.0005073542731342383	7.586301034816312	-0.8140329175638122	0.4430676031360193
chr18_77899354_GTTTC_G	chr18	77899354	G	INDEL	0.0005527562997269606	7.5005933412279635	0.33661974128216043	1.4002065217564128
chr18_68702085_T_TA	chr18	68702085	TA	INDEL	0.0005955689665456034	7.425993363035744	0.5988694825733994	1.8200600272920349
chr18_72119991_G_C	chr18	72119991	C	SNP	0.0007089574148603194	7.2517150969027275	-0.509766310564059	0.6006359246833987
chr18_66403305_G_T	chr18	66403305	T	SNP	0.0009479119239547546	6.961248967246118	0.9560351635389264	2.601362024757532
chr18_38015499_G_A	chr18	38015499	A	SNP	0.0010128952131889196	6.894942501130335	0.3085968416163563	1.3615133543173832
chr18_14263536_G_A	chr18	14263536	A	SNP	0.0010138735931591498	6.893977043162794	0.2905606013940104	1.3371769011796557
chr18_9112017_G_GT	chr18	9112017	GT	INDEL	0.0010191003610689894	6.888835039827865	-0.2833196933152121	0.7532789311228542
chr18_77996252_G_C	chr18	77996252	C	SNP	0.0011399173565246562	6.776799513480188	0.28879213867418874	1.3348142434319459
chr18_67940039_T_TA	chr18	67940039	TA	INDEL	0.0013639171975978034	6.597394426976982	-0.5567351599394453	0.5730770177094804
chr18_8589680_G_C	chr18	8589680	C	SNP	0.001542962937488048	6.474050725664027	-0.32238446302121654	0.7244196242267926
chr18_57681894_CT_C	chr18	57681894	C	INDEL	0.0018610047518717884	6.286638747928299	-0.3093107209400916	0.733952680125193
chr18_56191311_T_C	chr18	56191311	C	SNP	0.0020228030712249926	6.2032710704557665	-0.2818407167583694	0.7543938372595419
chr18_3117480_CAGAA_C	chr18	3117480	C	INDEL	0.0021436929542149397	6.145225257682829	-0.3374768603870461	0.7135684862140539
chr18_662370_T_C	chr18	662370	C	SNP	0.002150121590780878	6.142230884590103	0.28208984472027604	1.3258978395560892
chr18_26844046_A_G	chr18	26844046	G	SNP	0.002208753095471207	6.115327132872966	1.0798294524143484	2.9441773859003173
chr18_55390351_G_A	chr18	55390351	A	SNP	0.002389349719358443	6.036734034010713	0.5746739171111482	1.776551129528876
chr18_73972417_G_A	chr18	73972417	A	SNP	0.002492338011297449	5.994534048692629	-0.30297258180838293	0.7386193476996612
chr18_4516413_C_T	chr18	4516413	T	SNP	0.0027508865612795625	5.895832033338991	-0.318605714595467	0.7271622022341608
chr18_9042236_G_A	chr18	9042236	A	SNP	0.002868756141682308	5.853876743266274	-0.3011536619916947	0.739964059659052
chr18_71079448_A_T	chr18	71079448	T	SNP	0.0029903181357788717	5.812375497313568	0.917635023242025	2.5033629883313235
chr18_57837315_T_C	chr18	57837315	C	SNP	0.003093113852553058	5.7785769762078605	-0.38539304335756575	0.680183242154046
chr18_4728195_C_G	chr18	4728195	G	SNP	0.0031538850885358466	5.759120224670054	0.4000845270133954	1.491950802457028
chr18_21934947_T_C	chr18	21934947	C	SNP	0.003698437754263066	5.599844777073093	0.26822463856416995	1.3076408535878032
chr18_57667345_G_A	chr18	57667345	A	SNP	0.004581899456506308	5.385641638337308	-0.25309187412725	0.7763965477916838
chr18_27043538_A_G	chr18	27043538	G	SNP	0.004639618250137636	5.373123189805871	-0.8633454857846667	0.42174876502139297
chr18_15338182_C_CAAAA	chr18	15338182	CAAAA	INDEL	0.004730321923113281	5.353762018939446	0.6469573976043557	1.9097214574049508
chr18_55390358_ATACTAT_*	chr18	55390358	*	OVERLAP	0.004857168599790405	5.327299603478486	0.5542298515307474	1.740599948056095
chr18_10217803_G_C	chr18	10217803	C	SNP	0.004872382339518111	5.324172274741109	0.6638562999832557	1.9422678787554748
chr18_78313022_G_A	chr18	78313022	A	SNP	0.004917014272384686	5.315053787895436	0.42771263302773144	1.5337452698989
chr18_32893405_A_T	chr18	32893405	T	SNP	0.004923643223206069	5.313706529985679	-0.3113684850143861	0.7324439315245193
chr18_77586607_A_G	chr18	77586607	G	SNP	0.005155359098984563	5.267718503612599	0.4578474088562317	1.5806677887525007
chr18_55601692_G_A	chr18	55601692	A	SNP	0.005256903678792567	5.248213079779383	-0.4075097537320934	0.66530496216002
chr18_41200029_G_T	chr18	41200029	T	SNP	0.005298139951814274	5.240399472510171	0.2773965211396124	1.3196895521070626
chr18_42660486_T_C	chr18	42660486	C	SNP	0.005483767769264134	5.2059628651400445	0.2547947966026784	1.2901968409319744
chr18_12995546_G_A	chr18	12995546	A	SNP	0.005527310003248896	5.198054018822281	0.3038474437548575	1.3550623171013796
chr18_33024809_AT_A	chr18	33024809	A	INDEL	0.005581893028791063	5.188227307650509	-0.25899415916356766	0.7718275311489013
chr18_45141132_G_T	chr18	45141132	T	SNP	0.005659735733578457	5.174378078037551	0.8420800182114359	2.321190076605982
chr18_46574542_T_C	chr18	46574542	C	SNP	0.005730075879893631	5.1620265057788375	0.43549651093500785	1.5457303404703604
chr18_55147561_GT_G	chr18	55147561	G	INDEL	0.005883385632110844	5.135622894999826	0.2815359476774174	1.3251636320200892
chr18_61043558_A_G	chr18	61043558	G	SNP	0.006074667552532911	5.1036280151158255	-0.24934895066587587	0.7793079858917527
chr18_77710862_A_T	chr18	77710862	T	SNP	0.006201717226816416	5.0829290532136095	-0.24699507804802076	0.7811445382778208
chr18_38598556_C_T	chr18	38598556	T	SNP	0.006287931901780724	5.069123053783353	0.7378959504595857	2.0915301984651413
chr18_32136060_AGGGGG_*	chr18	32136060	*	OVERLAP	0.006657040103736459	5.012080322086019	-0.23887986527903124	0.78750948392222
chr18_4647208_ins_QPfxi5IAOb	chr18	4647208	CACACAAAAAGTATATATATATCTATATATATAT	INDEL	0.007040569685962546	4.9560661907846395	0.40502561207170074	1.4993409007916585
chr18_70661913_C_T	chr18	70661913	T	SNP	0.007055074574300293	4.954008123315042	-0.5229529908936303	0.5927675238120366
chr18_41396277_G_C	chr18	41396277	C	SNP	0.007322939824605195	4.916743416251565	0.7506123286458782	2.1182967133279273
chr18_39223145_T_C	chr18	39223145	C	SNP	0.007390546406593645	4.907553608109394	-1.000315139803321	0.36776352598240997
chr18_64419836_C_G	chr18	64419836	G	SNP	0.007428740649850599	4.902398929927898	-0.2754268419017794	0.7592479752002537
chr18_77048982_T_C	chr18	77048982	C	SNP	0.00769925071887929	4.866632264093806	-0.23514376835322998	0.7904571987294698
chr18_37947876_C_T	chr18	37947876	T	SNP	0.007912924897376807	4.839257793443113	-0.6436683962111343	0.5253616500996611
chr18_15126055_A_C	chr18	15126055	C	SNP	0.008025822794521156	4.825091086309493	-0.2314742026680277	0.7933631618919958
chr18_63871394_A_G	chr18	63871394	G	SNP	0.00808874634609394	4.817281523319812	0.24034695199504477	1.271690289272902
chr18_23953325_GT_G	chr18	23953325	G	INDEL	0.008219884841725181	4.801199079534666	-0.385201388260862	0.6803136152320307
chr18_4381357_C_T	chr18	4381357	T	SNP	0.008363328104965553	4.783898832425692	0.2787613505471033	1.3214919329079136
chr18_10647112_G_C	chr18	10647112	C	SNP	0.008454531869572134	4.773052665453344	0.23935825919011325	1.2704335995761966
chr18_15090746_C_T	chr18	15090746	T	SNP	0.008629847503190029	4.752528444588694	-0.231674539800713	0.7932042377107033
chr18_8037290_A_C	chr18	8037290	C	SNP	0.008989790493534653	4.711665735160076	-0.4081321357706134	0.664891017130771
chr18_77708114_CAACTT_C	chr18	77708114	C	INDEL	0.009057540417401637	4.704157672891817	-0.2353596364712374	0.7902865826375646
chr18_75524782_C_T	chr18	75524782	T	SNP	0.009394810768748138	4.667597788017465	0.7793495172947202	2.1800537169381187
chr18_41250156_T_C	chr18	41250156	C	SNP	0.010542502972451245	4.552340290394228	-0.6999646709747211	0.4966028479760679
chr18_37642813_G_A	chr18	37642813	A	SNP	0.010864307633260503	4.522272391808562	-1.0249372012188218	0.3588189980941754
chr18_6830931_A_G	chr18	6830931	G	SNP	0.011001578881836963	4.509716481771437	-0.23081210077401942	0.7938886230793487
chr18_3186680_A_C	chr18	3186680	C	SNP	0.011096203457136257	4.5011522600583795	0.4212667459757471	1.523890715914508
chr18_52823808_C_T	chr18	52823808	T	SNP	0.011321256590431606	4.481073206145962	0.28055047844271247	1.3238583672845377
chr18_13688383_T_C	chr18	13688383	C	SNP	0.0119577096184848	4.426379052269953	-0.28102993610464455	0.7550057332112611
chr18_34881932_A_G	chr18	34881932	G	SNP	0.01206551191328727	4.41740415119172	0.25407958581803025	1.289274408143281
chr18_26847267_C_G	chr18	26847267	G	SNP	0.012572992334428828	4.376204231056412	-0.5062244057158157	0.6027670919449186
chr18_65840570_T_C	chr18	65840570	C	SNP	0.012906374630847301	4.350033932240062	-0.21107243642459517	0.8097154118675469
chr18_56271950_G_C	chr18	56271950	C	SNP	0.013617669169189304	4.296387125858012	0.4400477343936068	1.5527813378178665
chr18_31293440_G_A	chr18	31293440	A	SNP	0.013727325061286733	4.2883669025612345	0.21302770923373945	1.237418938699165
chr18_43611987_T_C	chr18	43611987	C	SNP	0.01375679792878533	4.286222182221659	-0.2779376473413712	0.7573440424566884
chr18_79040278_G_A	chr18	79040278	A	SNP	0.013931993780052353	4.27356737292893	0.5255185248821564	1.6913356206487116
chr18_7594767_C_CT	chr18	7594767	CT	INDEL	0.014010897189280478	4.2679198814773285	0.28940537880446016	1.335633056131219
chr18_56190750_C_A	chr18	56190750	A	SNP	0.014093784441185342	4.2620213985617035	0.23103653143604821	1.2599052647571474
chr18_22453089_A_C	chr18	22453089	C	SNP	0.014283427593029818	4.2486553233496	-0.2385529880719916	0.7877669448996119
chr18_52058549_T_C	chr18	52058549	C	SNP	0.014714935651707253	4.218892270278926	0.3797968505517438	1.4619875572986663
chr18_50712698_G_T	chr18	50712698	T	SNP	0.014759496365100861	4.215868581997599	-0.638956192607671	0.5278431031246332
chr18_22476868_TA_T	chr18	22476868	T	INDEL	0.014871367402252932	4.208317565626038	0.21718422667849865	1.2425729961487975
chr18_73294839_C_T	chr18	73294839	T	SNP	0.014892708925663236	4.206883519641707	-0.8663641552793514	0.42047756452238944
chr18_74521136_A_G	chr18	74521136	G	SNP	0.015141403175400976	4.190322355254087	-0.38125365584974585	0.6830046195281958
chr18_24768632_C_CTT	chr18	24768632	CTT	INDEL	0.015164143679261008	4.188821606349129	0.22252812895716367	1.2492309587205634
chr18_31935364_C_CAAAAAAA	chr18	31935364	CAAAAAAA	INDEL	0.015172414800685766	4.188276315647472	0.26188164166499817	1.299372741733506
chr18_66262233_T_C	chr18	66262233	C	SNP	0.015197645843434249	4.186614741846285	-0.45843648970035666	0.6322714359977492
chr18_67120493_CATATG_C	chr18	67120493	C	INDEL	0.0155162233643233	4.165869133766651	1.4329320209273237	4.190969204579718
chr18_5216957_C_T	chr18	5216957	T	SNP	0.01556085690193534	4.162996690929766	-0.23769216896751696	0.7884453616908297
chr18_57148076_A_G	chr18	57148076	G	SNP	0.016004192016195764	4.134904590046392	0.21921498139509288	1.2450989210202938
chr18_11854713_G_A	chr18	11854713	A	SNP	0.016010436277620714	4.1345145020249525	0.45207484169771095	1.5715695631105324
chr18_11486339_T_*	chr18	11486339	*	OVERLAP	0.01648137455655517	4.105524350421069	0.24572704827425335	1.2785505433324493
chr18_8128699_T_A	chr18	8128699	A	SNP	0.01648709787753074	4.105177150771797	-0.21881344105194123	0.8034715989886888
